filename,original_source,original_filename,stage,width,height,verified,notes
kaggle_0001.jpg,kaggle,Stage_I_001.png,1.0,224,224,false,kaggle:Stage_I
kaggle_0002.jpg,kaggle,Stage_I_002.png,1.0,224,224,false,kaggle:Stage_I
kaggle_0003.jpg,kaggle,Stage_I_003.png,1.0,224,224,false,kaggle:Stage_I
kaggle_0004.jpg,kaggle,Stage_I_004.png,1.0,224,224,false,kaggle:Stage_I
kaggle_0005.jpg,kaggle,Stage_I_005.png,1.0,224,224,false,kaggle:Stage_I
kaggle_0006.jpg,kaggle,Stage_I_006.png,1.0,224,224,false,kaggle:Stage_I
kaggle_0007.jpg,kaggle,Stage_I_007.png,1.0,224,224,false,kaggle:Stage_I
kaggle_0008.jpg,kaggle,Stage_I_008.png,1.0,224,224,false,kaggle:Stage_I
kaggle_0009.jpg,kaggle,Stage_I_009.png,1.0,224,224,false,kaggle:Stage_I
kaggle_0010.jpg,kaggle,Stage_I_010.png,1.0,224,224,false,kaggle:Stage_I
kaggle_0011.jpg,kaggle,Stage_I_011.png,1.0,224,224,false,kaggle:Stage_I
kaggle_0012.jpg,kaggle,Stage_I_012.png,1.0,224,224,false,kaggle:Stage_I
kaggle_0013.jpg,kaggle,Stage_I_013.png,1.0,224,224,false,kaggle:Stage_I
kaggle_0014.jpg,kaggle,Stage_I_014.png,1.0,224,224,false,kaggle:Stage_I
kaggle_0015.jpg,kaggle,Stage_I_015.png,1.0,224,224,false,kaggle:Stage_I
kaggle_0016.jpg,kaggle,Stage_I_016.png,1.0,224,224,false,kaggle:Stage_I
kaggle_0017.jpg,kaggle,Stage_I_017.png,1.0,224,224,false,kaggle:Stage_I
kaggle_0018.jpg,kaggle,Stage_I_018.png,1.0,224,224,false,kaggle:Stage_I
kaggle_0019.jpg,kaggle,Stage_I_019.png,1.0,224,224,false,kaggle:Stage_I
kaggle_0020.jpg,kaggle,Stage_I_020.png,1.0,224,224,false,kaggle:Stage_I
kaggle_0021.jpg,kaggle,Stage_I_021.png,1.0,224,224,false,kaggle:Stage_I
kaggle_0022.jpg,kaggle,Stage_I_022.png,1.0,224,224,false,kaggle:Stage_I
kaggle_0023.jpg,kaggle,Stage_I_023.png,1.0,224,224,false,kaggle:Stage_I
kaggle_0024.jpg,kaggle,Stage_I_024.png,1.0,224,224,false,kaggle:Stage_I
kaggle_0025.jpg,kaggle,Stage_I_025.png,1.0,224,224,false,kaggle:Stage_I
kaggle_0026.jpg,kaggle,Stage_I_026.png,1.0,224,224,false,kaggle:Stage_I
kaggle_0027.jpg,kaggle,Stage_I_027.png,1.0,224,224,false,kaggle:Stage_I
kaggle_0028.jpg,kaggle,Stage_I_028.png,1.0,224,224,false,kaggle:Stage_I
kaggle_0029.jpg,kaggle,Stage_II_001.png,2.0,224,224,false,kaggle:Stage_II
kaggle_0030.jpg,kaggle,Stage_II_002.png,2.0,224,224,false,kaggle:Stage_II
kaggle_0031.jpg,kaggle,Stage_II_003.png,2.0,224,224,false,kaggle:Stage_II
kaggle_0032.jpg,kaggle,Stage_II_004.png,2.0,224,224,false,kaggle:Stage_II
kaggle_0033.jpg,kaggle,Stage_II_005.png,2.0,224,224,false,kaggle:Stage_II
kaggle_0034.jpg,kaggle,Stage_II_006.png,2.0,224,224,false,kaggle:Stage_II
kaggle_0035.jpg,kaggle,Stage_II_007.png,2.0,224,224,false,kaggle:Stage_II
kaggle_0036.jpg,kaggle,Stage_II_008.png,2.0,224,224,false,kaggle:Stage_II
kaggle_0037.jpg,kaggle,Stage_II_009.png,2.0,224,224,false,kaggle:Stage_II
kaggle_0038.jpg,kaggle,Stage_II_010.png,2.0,224,224,false,kaggle:Stage_II
kaggle_0039.jpg,kaggle,Stage_II_011.png,2.0,224,224,false,kaggle:Stage_II
kaggle_0040.jpg,kaggle,Stage_II_012.png,2.0,224,224,false,kaggle:Stage_II
kaggle_0041.jpg,kaggle,Stage_II_013.png,2.0,224,224,false,kaggle:Stage_II
kaggle_0042.jpg,kaggle,Stage_II_014.png,2.0,224,224,false,kaggle:Stage_II
kaggle_0043.jpg,kaggle,Stage_II_015.png,2.0,224,224,false,kaggle:Stage_II
kaggle_0044.jpg,kaggle,Stage_II_016.png,2.0,224,224,false,kaggle:Stage_II
kaggle_0045.jpg,kaggle,Stage_II_017.png,2.0,224,224,false,kaggle:Stage_II
kaggle_0046.jpg,kaggle,Stage_II_018.png,2.0,224,224,false,kaggle:Stage_II
kaggle_0047.jpg,kaggle,Stage_II_019.png,2.0,224,224,false,kaggle:Stage_II
kaggle_0048.jpg,kaggle,Stage_II_020.png,2.0,224,224,false,kaggle:Stage_II
kaggle_0049.jpg,kaggle,Stage_II_021.png,2.0,224,224,false,kaggle:Stage_II
kaggle_0050.jpg,kaggle,Stage_II_022.png,2.0,224,224,false,kaggle:Stage_II
kaggle_0051.jpg,kaggle,Stage_II_023.png,2.0,224,224,false,kaggle:Stage_II
kaggle_0052.jpg,kaggle,Stage_II_024.png,2.0,224,224,false,kaggle:Stage_II
kaggle_0053.jpg,kaggle,Stage_II_025.png,2.0,224,224,false,kaggle:Stage_II
kaggle_0054.jpg,kaggle,Stage_II_026.png,2.0,224,224,false,kaggle:Stage_II
kaggle_0055.jpg,kaggle,Stage_II_027.png,2.0,224,224,false,kaggle:Stage_II
kaggle_0056.jpg,kaggle,Stage_II_028.png,2.0,224,224,false,kaggle:Stage_II
kaggle_0057.jpg,kaggle,Stage_II_029.png,2.0,224,224,false,kaggle:Stage_II
kaggle_0058.jpg,kaggle,Stage_II_030.png,2.0,224,224,false,kaggle:Stage_II
kaggle_0059.jpg,kaggle,Stage_II_031.png,2.0,224,224,false,kaggle:Stage_II
kaggle_0060.jpg,kaggle,Stage_II_032.png,2.0,224,224,false,kaggle:Stage_II
kaggle_0061.jpg,kaggle,Stage_II_033.png,2.0,224,224,false,kaggle:Stage_II
kaggle_0062.jpg,kaggle,Stage_II_034.png,2.0,224,224,false,kaggle:Stage_II
kaggle_0063.jpg,kaggle,Stage_II_035.png,2.0,224,224,false,kaggle:Stage_II
kaggle_0064.jpg,kaggle,Stage_II_036.png,2.0,224,224,false,kaggle:Stage_II
kaggle_0065.jpg,kaggle,Stage_II_037.png,2.0,224,224,false,kaggle:Stage_II
kaggle_0066.jpg,kaggle,Stage_II_038.png,2.0,224,224,false,kaggle:Stage_II
kaggle_0067.jpg,kaggle,Stage_II_039.png,2.0,224,224,false,kaggle:Stage_II
kaggle_0068.jpg,kaggle,Stage_II_040.png,2.0,224,224,false,kaggle:Stage_II
kaggle_0069.jpg,kaggle,Stage_II_041.png,2.0,224,224,false,kaggle:Stage_II
kaggle_0070.jpg,kaggle,Stage_II_042.png,2.0,224,224,false,kaggle:Stage_II
kaggle_0071.jpg,kaggle,Stage_II_043.png,2.0,224,224,false,kaggle:Stage_II
kaggle_0072.jpg,kaggle,Stage_II_044.png,2.0,224,224,false,kaggle:Stage_II
kaggle_0073.jpg,kaggle,Stage_II_045.png,2.0,224,224,false,kaggle:Stage_II
kaggle_0074.jpg,kaggle,Stage_II_046.png,2.0,224,224,false,kaggle:Stage_II
kaggle_0075.jpg,kaggle,Stage_II_047.png,2.0,224,224,false,kaggle:Stage_II
kaggle_0076.jpg,kaggle,Stage_II_048.png,2.0,224,224,false,kaggle:Stage_II
kaggle_0077.jpg,kaggle,Stage_II_049.png,2.0,224,224,false,kaggle:Stage_II
kaggle_0078.jpg,kaggle,Stage_II_050.jpeg,2.0,224,224,false,kaggle:Stage_II
kaggle_0079.jpg,kaggle,Stage_II_051.jpeg,2.0,224,224,false,kaggle:Stage_II
kaggle_0080.jpg,kaggle,Stage_II_052.jpeg,2.0,224,224,false,kaggle:Stage_II
kaggle_0081.jpg,kaggle,Stage_II_053.png,2.0,224,224,false,kaggle:Stage_II
kaggle_0082.jpg,kaggle,Stage_III_001.png,3.0,224,224,false,kaggle:Stage_III
kaggle_0083.jpg,kaggle,Stage_III_002.png,3.0,224,224,false,kaggle:Stage_III
kaggle_0084.jpg,kaggle,Stage_III_003.png,3.0,224,224,false,kaggle:Stage_III
kaggle_0085.jpg,kaggle,Stage_III_004.png,3.0,224,224,false,kaggle:Stage_III
kaggle_0086.jpg,kaggle,Stage_III_005.png,3.0,224,224,false,kaggle:Stage_III
kaggle_0087.jpg,kaggle,Stage_III_006.png,3.0,224,224,false,kaggle:Stage_III
kaggle_0088.jpg,kaggle,Stage_III_007.png,3.0,224,224,false,kaggle:Stage_III
kaggle_0089.jpg,kaggle,Stage_III_008.png,3.0,224,224,false,kaggle:Stage_III
kaggle_0090.jpg,kaggle,Stage_III_009.png,3.0,224,224,false,kaggle:Stage_III
kaggle_0091.jpg,kaggle,Stage_III_010.png,3.0,224,224,false,kaggle:Stage_III
kaggle_0092.jpg,kaggle,Stage_III_011.png,3.0,224,224,false,kaggle:Stage_III
kaggle_0093.jpg,kaggle,Stage_III_012.png,3.0,224,224,false,kaggle:Stage_III
kaggle_0094.jpg,kaggle,Stage_III_013.png,3.0,224,224,false,kaggle:Stage_III
kaggle_0095.jpg,kaggle,Stage_III_014.png,3.0,224,224,false,kaggle:Stage_III
kaggle_0096.jpg,kaggle,Stage_III_015.png,3.0,224,224,false,kaggle:Stage_III
kaggle_0097.jpg,kaggle,Stage_III_016.png,3.0,224,224,false,kaggle:Stage_III
kaggle_0098.jpg,kaggle,Stage_III_017.png,3.0,224,224,false,kaggle:Stage_III
kaggle_0099.jpg,kaggle,Stage_III_018.png,3.0,224,224,false,kaggle:Stage_III
kaggle_0100.jpg,kaggle,Stage_III_019.png,3.0,224,224,false,kaggle:Stage_III
kaggle_0101.jpg,kaggle,Stage_III_020.png,3.0,224,224,false,kaggle:Stage_III
kaggle_0102.jpg,kaggle,Stage_III_021.png,3.0,224,224,false,kaggle:Stage_III
kaggle_0103.jpg,kaggle,Stage_III_022.png,3.0,224,224,false,kaggle:Stage_III
kaggle_0104.jpg,kaggle,Stage_III_023.png,3.0,224,224,false,kaggle:Stage_III
kaggle_0105.jpg,kaggle,Stage_III_024.png,3.0,224,224,false,kaggle:Stage_III
kaggle_0106.jpg,kaggle,Stage_III_025.png,3.0,224,224,false,kaggle:Stage_III
kaggle_0107.jpg,kaggle,Stage_III_026.png,3.0,224,224,false,kaggle:Stage_III
kaggle_0108.jpg,kaggle,Stage_III_027.png,3.0,224,224,false,kaggle:Stage_III
kaggle_0109.jpg,kaggle,Stage_III_028.png,3.0,224,224,false,kaggle:Stage_III
kaggle_0110.jpg,kaggle,Stage_III_029.png,3.0,224,224,false,kaggle:Stage_III
kaggle_0111.jpg,kaggle,Stage_III_030.png,3.0,224,224,false,kaggle:Stage_III
kaggle_0112.jpg,kaggle,Stage_III_031.png,3.0,224,224,false,kaggle:Stage_III
kaggle_0113.jpg,kaggle,Stage_III_032.png,3.0,224,224,false,kaggle:Stage_III
kaggle_0114.jpg,kaggle,Stage_III_033.png,3.0,224,224,false,kaggle:Stage_III
kaggle_0115.jpg,kaggle,Stage_III_034.png,3.0,224,224,false,kaggle:Stage_III
kaggle_0116.jpg,kaggle,Stage_III_035.png,3.0,224,224,false,kaggle:Stage_III
kaggle_0117.jpg,kaggle,Stage_III_036.png,3.0,224,224,false,kaggle:Stage_III
kaggle_0118.jpg,kaggle,Stage_III_037.png,3.0,224,224,false,kaggle:Stage_III
kaggle_0119.jpg,kaggle,Stage_III_038.png,3.0,224,224,false,kaggle:Stage_III
kaggle_0120.jpg,kaggle,Stage_III_039.png,3.0,224,224,false,kaggle:Stage_III
kaggle_0121.jpg,kaggle,Stage_III_040.png,3.0,224,224,false,kaggle:Stage_III
kaggle_0122.jpg,kaggle,Stage_III_041.png,3.0,224,224,false,kaggle:Stage_III
kaggle_0123.jpg,kaggle,Stage_III_042.png,3.0,224,224,false,kaggle:Stage_III
kaggle_0124.jpg,kaggle,Stage_III_043.png,3.0,224,224,false,kaggle:Stage_III
kaggle_0125.jpg,kaggle,Stage_III_044.png,3.0,224,224,false,kaggle:Stage_III
kaggle_0126.jpg,kaggle,Stage_III_045.png,3.0,224,224,false,kaggle:Stage_III
kaggle_0127.jpg,kaggle,Stage_III_046.png,3.0,224,224,false,kaggle:Stage_III
kaggle_0128.jpg,kaggle,Stage_IV_001.png,4.0,224,224,false,kaggle:Stage_IV
kaggle_0129.jpg,kaggle,Stage_IV_002.png,4.0,224,224,false,kaggle:Stage_IV
kaggle_0130.jpg,kaggle,Stage_IV_003.png,4.0,224,224,false,kaggle:Stage_IV
kaggle_0131.jpg,kaggle,Stage_IV_004.png,4.0,224,224,false,kaggle:Stage_IV
kaggle_0132.jpg,kaggle,Stage_IV_005.png,4.0,224,224,false,kaggle:Stage_IV
kaggle_0133.jpg,kaggle,Stage_IV_006.png,4.0,224,224,false,kaggle:Stage_IV
kaggle_0134.jpg,kaggle,Stage_IV_007.png,4.0,224,224,false,kaggle:Stage_IV
kaggle_0135.jpg,kaggle,Stage_IV_008.png,4.0,224,224,false,kaggle:Stage_IV
kaggle_0136.jpg,kaggle,Stage_IV_009.png,4.0,224,224,false,kaggle:Stage_IV
kaggle_0137.jpg,kaggle,Stage_IV_010.png,4.0,224,224,false,kaggle:Stage_IV
kaggle_0138.jpg,kaggle,Stage_IV_011.png,4.0,224,224,false,kaggle:Stage_IV
kaggle_0139.jpg,kaggle,Stage_IV_012.png,4.0,224,224,false,kaggle:Stage_IV
kaggle_0140.jpg,kaggle,Stage_IV_013.png,4.0,224,224,false,kaggle:Stage_IV
kaggle_0141.jpg,kaggle,Stage_IV_014.png,4.0,224,224,false,kaggle:Stage_IV
kaggle_0142.jpg,kaggle,Stage_IV_015.png,4.0,224,224,false,kaggle:Stage_IV
kaggle_0143.jpg,kaggle,Stage_IV_016.png,4.0,224,224,false,kaggle:Stage_IV
kaggle_0144.jpg,kaggle,Stage_IV_017.png,4.0,224,224,false,kaggle:Stage_IV
kaggle_0145.jpg,kaggle,Stage_IV_018.png,4.0,224,224,false,kaggle:Stage_IV
kaggle_0146.jpg,kaggle,Stage_IV_019.png,4.0,224,224,false,kaggle:Stage_IV
kaggle_0147.jpg,kaggle,Stage_IV_020.png,4.0,224,224,false,kaggle:Stage_IV
kaggle_0148.jpg,kaggle,Stage_IV_021.png,4.0,224,224,false,kaggle:Stage_IV
kaggle_0149.jpg,kaggle,Stage_IV_022.png,4.0,224,224,false,kaggle:Stage_IV
kaggle_0150.jpg,kaggle,Stage_IV_023.png,4.0,224,224,false,kaggle:Stage_IV
kaggle_0151.jpg,kaggle,Stage_IV_024.png,4.0,224,224,false,kaggle:Stage_IV
kaggle_0152.jpg,kaggle,Stage_IV_025.png,4.0,224,224,false,kaggle:Stage_IV
kaggle_0153.jpg,kaggle,Stage_IV_026.png,4.0,224,224,false,kaggle:Stage_IV
kaggle_0154.jpg,kaggle,Stage_IV_027.png,4.0,224,224,false,kaggle:Stage_IV
kaggle_0155.jpg,kaggle,Stage_IV_028.png,4.0,224,224,false,kaggle:Stage_IV
kaggle_0156.jpg,kaggle,Stage_IV_029.png,4.0,224,224,false,kaggle:Stage_IV
kaggle_0157.jpg,kaggle,Stage_IV_030.png,4.0,224,224,false,kaggle:Stage_IV
kaggle_0158.jpg,kaggle,Stage_IV_031.png,4.0,224,224,false,kaggle:Stage_IV
kaggle_0159.jpg,kaggle,Stage_IV_032.png,4.0,224,224,false,kaggle:Stage_IV
medetec_0001.jpg,medetec,1. r7_bedsore-8col.jpg,,224,224,false,unlabeled
medetec_0002.jpg,medetec,14. pressure_ulcer.jpg,,224,224,false,unlabeled
medetec_0003.jpg,medetec,15. .jpg,,224,224,false,unlabeled
medetec_0004.jpg,medetec,18. bedsorefoot_145706.jpg,,224,224,false,unlabeled
medetec_0005.jpg,medetec,2. heelpressureulcer4.jpg,,224,224,false,unlabeled
medetec_0006.jpg,medetec,21. lf00944u-2.jpg,,224,224,false,unlabeled
medetec_0007.jpg,medetec,24. 238.jpg,,224,224,false,unlabeled
medetec_0008.jpg,medetec,25. sacral-pressure-ulcer-in-a-patient-with-60-total-body-surface-burn.png,,224,224,false,unlabeled
medetec_0009.jpg,medetec,28. pressure_ulcer_12.jpg,,224,224,false,unlabeled
medetec_0010.jpg,medetec,3. bedsores-decubitus-ulcer-pressure-260nw-1133480588.jpg,,224,224,false,unlabeled
medetec_0011.jpg,medetec,31. jts-3-179-g003.gif,,224,224,false,unlabeled
medetec_0012.jpg,medetec,32. sloughy-pressure-ulcer-0028.jpg,3.25,224,224,false,heuristic:sloughy
medetec_0013.jpg,medetec,36. m1400399-diabetic_foot_with_large_ulcer-spl_popup.jpg,,224,224,false,unlabeled
medetec_0014.jpg,medetec,4. heel.jpg,,224,224,false,unlabeled
medetec_0015.jpg,medetec,40. pressure-ulcer3.jpg,,224,224,false,unlabeled
medetec_0016.jpg,medetec,42. leg_ulcer_2.jpg,,224,224,false,unlabeled
medetec_0017.jpg,medetec,44. c0220456-sacral_pressure_ulcer_stage_iv-spl_popup.jpg,4.0,224,224,false,filename:stage_number
medetec_0018.jpg,medetec,50. dekubitus_back.jpg,,224,224,false,unlabeled
medetec_0019.jpg,medetec,51. pressure-injury-ulcer-figure-2.png,,224,224,false,unlabeled
medetec_0020.jpg,medetec,53. pressure_ulcer_on_sacrum_maybe_tunneling_3.jpg,,224,224,false,unlabeled
medetec_0021.jpg,medetec,57. heelpressureulcer3.jpg,,224,224,false,unlabeled
medetec_0022.jpg,medetec,6. stage_i_pressure_ulcer_buttocks_high.jpg,1.0,224,224,false,filename:stage_number
medetec_0023.jpg,medetec,60. chart2.jpg,,224,224,false,unlabeled
medetec_0024.jpg,medetec,61. superficial_pressure_ulcer0002.jpg,,224,224,false,unlabeled
medetec_0025.jpg,medetec,66. 35951tn.jpg,,224,224,false,unlabeled
medetec_0026.jpg,medetec,67. pressure-sores-on-the-heels.jpg,,224,224,false,unlabeled
medetec_0027.jpg,medetec,7. c0220501-foot-pressure-ulcer-science-photo-library-high.jpg,,224,224,false,unlabeled
medetec_0028.jpg,medetec,70. 23.-ankle-stage-iii.jpg,3.0,224,224,false,filename:stage_number
medetec_0029.jpg,medetec,71. chart1.jpg,,224,224,false,unlabeled
medetec_0030.jpg,medetec,72. stage_iv_pressure_ulcer_knee_high.jpg,4.0,224,224,false,filename:stage_number
medetec_0031.jpg,medetec,74. jts-3-179-g001.gif,,224,224,false,unlabeled
medetec_0032.jpg,medetec,75. decubitus-ulcer_ls.jpg,,224,224,false,unlabeled
medetec_0033.jpg,medetec,76. pressure_ulcer_3.jpg,,224,224,false,unlabeled
medetec_0034.jpg,medetec,77. nurse-dressing-decubitus-ulcer-or-pressure-ulcer-in-patient-home-p8wgen.jpg,,224,224,false,unlabeled
medetec_0035.jpg,medetec,78. device_related_pressure_ulcer.jpg,,224,224,false,unlabeled
medetec_0036.jpg,medetec,79. early-pressure-sore.jpg,,224,224,false,unlabeled
medetec_0037.jpg,medetec,8. bedsoredeepulcer_145722.jpg,,224,224,false,unlabeled
medetec_0038.jpg,medetec,82. superficial_pressure_ulcer0005.jpg,,224,224,false,unlabeled
medetec_0039.jpg,medetec,83. stage4healing-a.png,4.0,224,224,false,filename:stage_number
medetec_0040.jpg,medetec,88. 1499929382.jpg,,224,224,false,unlabeled
medetec_0041.jpg,medetec,9. pressure-ulcers.jpg,,224,224,false,unlabeled
medetec_0042.jpg,medetec,95. cas_8412499__fig_1_-_day_1.jpg,,224,224,false,unlabeled
medetec_0043.jpg,medetec,healing-pressure-ulcer-0001.jpg,,224,224,false,unlabeled
medetec_0044.jpg,medetec,healing-pressure-ulcer-0002.jpg,,224,224,false,unlabeled
medetec_0045.jpg,medetec,healing-pressure-ulcer-0004.jpg,,224,224,false,unlabeled
medetec_0046.jpg,medetec,healing-pressure-ulcer-0005.jpg,,224,224,false,unlabeled
medetec_0047.jpg,medetec,healing-pressure-ulcer-0006.jpg,,224,224,false,unlabeled
medetec_0048.jpg,medetec,healing-pressure-ulcer-0007.jpg,,224,224,false,unlabeled
medetec_0049.jpg,medetec,healing-pressure-ulcer-0009.jpg,,224,224,false,unlabeled
medetec_0050.jpg,medetec,healing-pressure-ulcer-0011.jpg,,224,224,false,unlabeled
medetec_0051.jpg,medetec,healing-pressure-ulcer-0013.jpg,,224,224,false,unlabeled
medetec_0052.jpg,medetec,healing-pressure-ulcer-0014.jpg,,224,224,false,unlabeled
medetec_0053.jpg,medetec,healing-pressure-ulcer-0015.jpg,,224,224,false,unlabeled
medetec_0054.jpg,medetec,healing-pressure-ulcer-0016.jpg,,224,224,false,unlabeled
medetec_0055.jpg,medetec,healing-pressure-ulcer-0017.jpg,,224,224,false,unlabeled
medetec_0056.jpg,medetec,healing-pressure-ulcer-0018.jpg,,224,224,false,unlabeled
medetec_0057.jpg,medetec,healing-pressure-ulcer-0019.jpg,,224,224,false,unlabeled
medetec_0058.jpg,medetec,healing-pressure-ulcer-0021.jpg,,224,224,false,unlabeled
medetec_0059.jpg,medetec,healing-pressure-ulcer-0022.jpg,,224,224,false,unlabeled
medetec_0060.jpg,medetec,healing-pressure-ulcer-0023.jpg,,224,224,false,unlabeled
medetec_0061.jpg,medetec,healing-pressure-ulcer-0025.jpg,,224,224,false,unlabeled
medetec_0062.jpg,medetec,healing-pressure-ulcer-0027.jpg,,224,224,false,unlabeled
medetec_0063.jpg,medetec,healing-pressure-ulcer-0028.jpg,,224,224,false,unlabeled
medetec_0064.jpg,medetec,healing-pressure-ulcer-0029.jpg,,224,224,false,unlabeled
medetec_0065.jpg,medetec,healing-pressure-ulcer-0030.jpg,,224,224,false,unlabeled
medetec_0066.jpg,medetec,healing-pressure-ulcer-0031.jpg,,224,224,false,unlabeled
medetec_0067.jpg,medetec,healing-presure-ulcer-0008.jpg,,224,224,false,unlabeled
medetec_0068.jpg,medetec,healing-presure-ulcer-0012.jpg,,224,224,false,unlabeled
medetec_0069.jpg,medetec,healing-presure-ulcer-0026.jpg,,224,224,false,unlabeled
medetec_0070.jpg,medetec,healing0037.jpg,,224,224,false,unlabeled
medetec_0071.jpg,medetec,healing0038.jpg,,224,224,false,unlabeled
medetec_0072.jpg,medetec,necrotic-pressure-ulcer-0001.jpg,3.75,224,224,false,heuristic:necrotic
medetec_0073.jpg,medetec,necrotic-pressure-ulcer-0002.jpg,3.75,224,224,false,heuristic:necrotic
medetec_0074.jpg,medetec,necrotic-pressure-ulcer-0005.jpg,3.75,224,224,false,heuristic:necrotic
medetec_0075.jpg,medetec,necrotic-pressure-ulcer-0006.jpg,3.75,224,224,false,heuristic:necrotic
medetec_0076.jpg,medetec,necrotic-pressure-ulcer-0007.jpg,3.75,224,224,false,heuristic:necrotic
medetec_0077.jpg,medetec,necrotic-pressure-ulcer-0008.jpg,3.75,224,224,false,heuristic:necrotic
medetec_0078.jpg,medetec,necrotic-pressure-ulcer-0009.jpg,3.75,224,224,false,heuristic:necrotic
medetec_0079.jpg,medetec,necrotic-pressure-ulcer-0010.jpg,3.75,224,224,false,heuristic:necrotic
medetec_0080.jpg,medetec,necrotic-pressure-ulcer-0011.jpg,3.75,224,224,false,heuristic:necrotic
medetec_0081.jpg,medetec,necrotic-pressure-ulcer-0012.jpg,3.75,224,224,false,heuristic:necrotic
medetec_0082.jpg,medetec,necrotic-pressure-ulcer-0015.jpg,3.75,224,224,false,heuristic:necrotic
medetec_0083.jpg,medetec,necrotic-pressure-ulcer-0016.jpg,3.75,224,224,false,heuristic:necrotic
medetec_0084.jpg,medetec,necrotic-pressure-ulcer-0018.jpg,3.75,224,224,false,heuristic:necrotic
medetec_0085.jpg,medetec,necrotic-pressure-ulcer-0019.jpg,3.75,224,224,false,heuristic:necrotic
medetec_0086.jpg,medetec,necrotic-pressure-ulcer-0020.jpg,3.75,224,224,false,heuristic:necrotic
medetec_0087.jpg,medetec,necrotic-pressure-ulcer-0021.jpg,3.75,224,224,false,heuristic:necrotic
medetec_0088.jpg,medetec,necrotic-pressure-ulcer-0022.jpg,3.75,224,224,false,heuristic:necrotic
medetec_0089.jpg,medetec,pressure-ulcer-on-foot-0003.jpg,,224,224,false,unlabeled
medetec_0090.jpg,medetec,pressure-ulcer-on-foot-0006.jpg,,224,224,false,unlabeled
medetec_0091.jpg,medetec,pressure-ulcer-on-foot-0008.jpg,,224,224,false,unlabeled
medetec_0092.jpg,medetec,pressure-ulcer-on-foot-0009.jpg,,224,224,false,unlabeled
medetec_0093.jpg,medetec,pressure-ulcer-on-foot-0011.jpg,,224,224,false,unlabeled
medetec_0094.jpg,medetec,pressure-ulcer-on-foot-0013.jpg,,224,224,false,unlabeled
medetec_0095.jpg,medetec,pressure-ulcer-on-foot-0016.jpg,,224,224,false,unlabeled
medetec_0096.jpg,medetec,pressure-ulcer-on-foot-0017.jpg,,224,224,false,unlabeled
medetec_0097.jpg,medetec,pressure-ulcer-on-foot-0018.jpg,,224,224,false,unlabeled
medetec_0098.jpg,medetec,pressure-ulcer-on-foot-0019.jpg,,224,224,false,unlabeled
medetec_0099.jpg,medetec,pressure-ulcer-on-foot-0020.jpg,,224,224,false,unlabeled
medetec_0100.jpg,medetec,pressure-ulcer-on-foot-0021.jpg,,224,224,false,unlabeled
medetec_0101.jpg,medetec,pressure-ulcer-on-foot-0022.jpg,,224,224,false,unlabeled
medetec_0102.jpg,medetec,pressure-ulcer-on-foot-0023.jpg,,224,224,false,unlabeled
medetec_0103.jpg,medetec,pressure-ulcer-on-foot-0024.jpg,,224,224,false,unlabeled
medetec_0104.jpg,medetec,pressure-ulcer-on-foot-0025.jpg,,224,224,false,unlabeled
medetec_0105.jpg,medetec,pressure-ulcer-on-foot-0026.jpg,,224,224,false,unlabeled
medetec_0106.jpg,medetec,pressure-ulcer-on-foot-0027.jpg,,224,224,false,unlabeled
medetec_0107.jpg,medetec,pressure-ulcer-on-foot-0028.jpg,,224,224,false,unlabeled
medetec_0108.jpg,medetec,pressure-ulcer-on-foot-0029.jpg,,224,224,false,unlabeled
medetec_0109.jpg,medetec,pressure-ulcer-on-foot-0031.jpg,,224,224,false,unlabeled
medetec_0110.jpg,medetec,pressure-ulcer-on-foot-0032.jpg,,224,224,false,unlabeled
medetec_0111.jpg,medetec,pressure-ulcer-on-foot-0033.jpg,,224,224,false,unlabeled
medetec_0112.jpg,medetec,pressure-ulcer-on-foot-0039.jpg,,224,224,false,unlabeled
medetec_0113.jpg,medetec,pressure-ulcer-on-foot-0041.jpg,,224,224,false,unlabeled
medetec_0114.jpg,medetec,pressure-ulcer-on-foot-0042.jpg,,224,224,false,unlabeled
medetec_0115.jpg,medetec,pressure-ulcer-on-foot-0043.jpg,,224,224,false,unlabeled
medetec_0116.jpg,medetec,pressure-ulcer-on-foot-0044.jpg,,224,224,false,unlabeled
medetec_0117.jpg,medetec,pressure-ulcer-on-foot-0045.jpg,,224,224,false,unlabeled
medetec_0118.jpg,medetec,pressure-ulcer-on-foot-0046.jpg,,224,224,false,unlabeled
medetec_0119.jpg,medetec,pressure-ulcer-on-foot-0049.jpg,,224,224,false,unlabeled
medetec_0120.jpg,medetec,pressure-ulcer-on-foot-0050.jpg,,224,224,false,unlabeled
medetec_0121.jpg,medetec,pressure-ulcer-on-foot-0051.jpg,,224,224,false,unlabeled
medetec_0122.jpg,medetec,pressure-ulcer-on-foot-0052.jpg,,224,224,false,unlabeled
medetec_0123.jpg,medetec,pressure-ulcer-on-head-006.jpg,,224,224,false,unlabeled
medetec_0124.jpg,medetec,pressure-ulcer-on-neck-001.jpg,,224,224,false,unlabeled
medetec_0125.jpg,medetec,pressure-ulcer-on-neck-003.jpg,,224,224,false,unlabeled
medetec_0126.jpg,medetec,pressure-ulcer-on-neck-004.jpg,,224,224,false,unlabeled
medetec_0127.jpg,medetec,sloughy-pressure-ulcer-0001.jpg,3.25,224,224,false,heuristic:sloughy
medetec_0128.jpg,medetec,sloughy-pressure-ulcer-0002.jpg,3.25,224,224,false,heuristic:sloughy
medetec_0129.jpg,medetec,sloughy-pressure-ulcer-0004.jpg,3.25,224,224,false,heuristic:sloughy
medetec_0130.jpg,medetec,sloughy-pressure-ulcer-0005.jpg,3.25,224,224,false,heuristic:sloughy
medetec_0131.jpg,medetec,sloughy-pressure-ulcer-0006.jpg,3.25,224,224,false,heuristic:sloughy
medetec_0132.jpg,medetec,sloughy-pressure-ulcer-0008.jpg,3.25,224,224,false,heuristic:sloughy
medetec_0133.jpg,medetec,sloughy-pressure-ulcer-0009.jpg,3.25,224,224,false,heuristic:sloughy
medetec_0134.jpg,medetec,sloughy-pressure-ulcer-0010.jpg,3.25,224,224,false,heuristic:sloughy
medetec_0135.jpg,medetec,sloughy-pressure-ulcer-0011.jpg,3.25,224,224,false,heuristic:sloughy
medetec_0136.jpg,medetec,sloughy-pressure-ulcer-0012.jpg,3.25,224,224,false,heuristic:sloughy
medetec_0137.jpg,medetec,sloughy-pressure-ulcer-0013.jpg,3.25,224,224,false,heuristic:sloughy
medetec_0138.jpg,medetec,sloughy-pressure-ulcer-0014.jpg,3.25,224,224,false,heuristic:sloughy
medetec_0139.jpg,medetec,sloughy-pressure-ulcer-0015.jpg,3.25,224,224,false,heuristic:sloughy
medetec_0140.jpg,medetec,sloughy-pressure-ulcer-0016.jpg,3.25,224,224,false,heuristic:sloughy
medetec_0141.jpg,medetec,sloughy-pressure-ulcer-0017.jpg,3.25,224,224,false,heuristic:sloughy
medetec_0142.jpg,medetec,sloughy-pressure-ulcer-0018.jpg,3.25,224,224,false,heuristic:sloughy
medetec_0143.jpg,medetec,sloughy-pressure-ulcer-0019.jpg,3.25,224,224,false,heuristic:sloughy
medetec_0144.jpg,medetec,sloughy-pressure-ulcer-0021.jpg,3.25,224,224,false,heuristic:sloughy
medetec_0145.jpg,medetec,sloughy-pressure-ulcer-0022.jpg,3.25,224,224,false,heuristic:sloughy
medetec_0146.jpg,medetec,sloughy-pressure-ulcer-0023.jpg,3.25,224,224,false,heuristic:sloughy
medetec_0147.jpg,medetec,sloughy-pressure-ulcer-0024.jpg,3.25,224,224,false,heuristic:sloughy
medetec_0148.jpg,medetec,sloughy-pressure-ulcer-0025.jpg,3.25,224,224,false,heuristic:sloughy
medetec_0149.jpg,medetec,sloughy-pressure-ulcer-0026.jpg,3.25,224,224,false,heuristic:sloughy
medetec_0150.jpg,medetec,sloughy-pressure-ulcer-0027.jpg,3.25,224,224,false,heuristic:sloughy
medetec_0151.jpg,medetec,sloughy-pressure-ulcer-0028.jpg,3.25,224,224,false,heuristic:sloughy
medetec_0152.jpg,medetec,sloughy-pressure-ulcer-0029.jpg,3.25,224,224,false,heuristic:sloughy
medetec_0153.jpg,medetec,sloughy-pressure-ulcer-0030.jpg,3.25,224,224,false,heuristic:sloughy
medetec_0154.jpg,medetec,sloughy-pressure-ulcer-0031.jpg,3.25,224,224,false,heuristic:sloughy
medetec_0155.jpg,medetec,sloughy-pressure-ulcer-0032.jpg,3.25,224,224,false,heuristic:sloughy
medetec_0156.jpg,medetec,sloughy-pressure-ulcer-0033.jpg,3.25,224,224,false,heuristic:sloughy
medetec_0157.jpg,medetec,sloughy-pressure-ulcer-0035.jpg,3.25,224,224,false,heuristic:sloughy
medetec_0158.jpg,medetec,sloughy-pressure-ulcer-0037.jpg,3.25,224,224,false,heuristic:sloughy
medetec_0159.jpg,medetec,sloughy-pressure-ulcer-0038.jpg,3.25,224,224,false,heuristic:sloughy
medetec_0160.jpg,medetec,sloughy-presure-ulcer-0020.jpg,3.25,224,224,false,heuristic:sloughy
medetec_0161.jpg,medetec,sloughy-presure-ulcer-0036.jpg,3.25,224,224,false,heuristic:sloughy
medetec_0162.jpg,medetec,superficial-pressure-ulcer0001.jpg,,224,224,false,unlabeled
medetec_0163.jpg,medetec,superficial-pressure-ulcer0002.jpg,,224,224,false,unlabeled
medetec_0164.jpg,medetec,superficial-pressure-ulcer0003.jpg,,224,224,false,unlabeled
medetec_0165.jpg,medetec,superficial-pressure-ulcer0004.jpg,,224,224,false,unlabeled
medetec_0166.jpg,medetec,superficial-pressure-ulcer0005.jpg,,224,224,false,unlabeled
medetec_0167.jpg,medetec,superficial-pressure-ulcer0006.jpg,,224,224,false,unlabeled
medetec_0168.jpg,medetec,superficial-pressure-ulcer0007.jpg,,224,224,false,unlabeled
medetec_0169.jpg,medetec,superficial-pressure-ulcer0008.jpg,,224,224,false,unlabeled
medetec_0170.jpg,medetec,superficial-pressure-ulcer0009.jpg,,224,224,false,unlabeled
medetec_0171.jpg,medetec,superficial-pressure-ulcer0010.jpg,,224,224,false,unlabeled
medetec_0172.jpg,medetec,superficial-pressure-ulcer0011.jpg,,224,224,false,unlabeled
medetec_0173.jpg,medetec,superficial-pressure-ulcer0012.jpg,,224,224,false,unlabeled
medetec_0174.jpg,medetec,superficial-pressure-ulcer0013.jpg,,224,224,false,unlabeled
medetec_0175.jpg,medetec,superficial-pressure-ulcer0015.jpg,,224,224,false,unlabeled
medetec_0176.jpg,medetec,superficial-pressure-ulcer0017.jpg,,224,224,false,unlabeled
medetec_0177.jpg,medetec,superficial-pressure-ulcer0018.jpg,,224,224,false,unlabeled
medetec_0178.jpg,medetec,superficial-pressure-ulcer0019.jpg,,224,224,false,unlabeled
medetec_0179.jpg,medetec,superficial-pressure-ulcer0020.jpg,,224,224,false,unlabeled
medetec_0180.jpg,medetec,superficial-pressure-ulcer0021.jpg,,224,224,false,unlabeled
medetec_0181.jpg,medetec,superficial-pressure-ulcer0022.jpg,,224,224,false,unlabeled
medetec_0182.jpg,medetec,superficial-pressure-ulcer0023.jpg,,224,224,false,unlabeled
medetec_0183.jpg,medetec,superficial-pressure-ulcer0024.jpg,,224,224,false,unlabeled
medetec_0184.jpg,medetec,treating--pressure-ulcers0001.jpg,,224,224,false,unlabeled
medetec_0185.jpg,medetec,treating--pressure-ulcers0002.jpg,,224,224,false,unlabeled
medetec_0186.jpg,medetec,treating--pressure-ulcers0003.jpg,,224,224,false,unlabeled
medetec_0187.jpg,medetec,treating--pressure-ulcers0004.jpg,,224,224,false,unlabeled
medetec_0188.jpg,medetec,treating--pressure-ulcers0005.jpg,,224,224,false,unlabeled
medetec_0189.jpg,medetec,treating--pressure-ulcers0006.jpg,,224,224,false,unlabeled
medetec_0190.jpg,medetec,treating--pressure-ulcers0007.jpg,,224,224,false,unlabeled
medetec_0191.jpg,medetec,treating--pressure-ulcers0009.jpg,,224,224,false,unlabeled
medetec_0192.jpg,medetec,treating--pressure-ulcers0010.jpg,,224,224,false,unlabeled
medetec_0193.jpg,medetec,treating--pressure-ulcers0014.jpg,,224,224,false,unlabeled
medetec_0194.jpg,medetec,treating--pressure-ulcers008.jpg,,224,224,false,unlabeled
medetec_0195.jpg,medetec,treating--pressure-ulcers011.jpg,,224,224,false,unlabeled
medetec_0196.jpg,medetec,treating--pressure-ulcers012.jpg,,224,224,false,unlabeled
medetec_0197.jpg,medetec,treating--pressure-ulcers013.jpg,,224,224,false,unlabeled
medetec_0198.jpg,medetec,undermining0001.jpg,3.5,224,224,false,heuristic:undermining
medetec_0199.jpg,medetec,undermining0002.jpg,3.5,224,224,false,heuristic:undermining
medetec_0200.jpg,medetec,undermining0003.jpg,3.5,224,224,false,heuristic:undermining
medetec_0201.jpg,medetec,undermining0004.jpg,3.5,224,224,false,heuristic:undermining
medetec_0202.jpg,medetec,undermining0005.jpg,3.5,224,224,false,heuristic:undermining
medetec_0203.jpg,medetec,undermining0006.jpg,3.5,224,224,false,heuristic:undermining
medetec_0204.jpg,medetec,undermining0007.jpg,3.5,224,224,false,heuristic:undermining
medetec_0205.jpg,medetec,undermining0009.jpg,3.5,224,224,false,heuristic:undermining
medetec_0206.jpg,medetec,undermining0010.jpg,3.5,224,224,false,heuristic:undermining
medetec_0207.jpg,medetec,undermining0011.jpg,3.5,224,224,false,heuristic:undermining
medetec_0208.jpg,medetec,undermining0012.jpg,3.5,224,224,false,heuristic:undermining
medetec_0209.jpg,medetec,undermining0013.jpg,3.5,224,224,false,heuristic:undermining
medetec_0210.jpg,medetec,undermining0014.jpg,3.5,224,224,false,heuristic:undermining
medetec_0211.jpg,medetec,undermining0015.jpg,3.5,224,224,false,heuristic:undermining
medetec_0212.jpg,medetec,undermining0016.jpg,3.5,224,224,false,heuristic:undermining
medetec_0213.jpg,medetec,undermining0017.jpg,3.5,224,224,false,heuristic:undermining
medetec_0214.jpg,medetec,undermining0018.jpg,3.5,224,224,false,heuristic:undermining
medetec_0215.jpg,medetec,undermining0019.jpg,3.5,224,224,false,heuristic:undermining
medetec_0216.jpg,medetec,undermining0020.jpg,3.5,224,224,false,heuristic:undermining
figshare_0001.jpg,figshare,healing-pressure-ulcer-0013.jpg,,224,224,false,"has_annotation;labels:Ulceration,slough tissue,Granulation,Re-ep,Re-ep,Re-ep,Re-ep"
figshare_0002.jpg,figshare,healing-pressure-ulcer-0029.jpg,,224,224,false,"has_annotation;labels:Ulceration,slough tissue,Eschar,slough tissue,slough tissue,Granulation,Granulation,Granulation"
figshare_0003.jpg,figshare,pressure-ulcer-on-foot-0006.jpg,,224,224,false,"has_annotation;labels:Ulceration,slough tissue"
figshare_0004.jpg,figshare,pressure-ulcer-on-foot-0008.jpg,,224,224,false,"has_annotation;labels:Ulceration,Eschar,Re-ep"
figshare_0005.jpg,figshare,pressure-ulcer-on-foot-0011.jpg,,224,224,false,"has_annotation;labels:Ulceration,Eschar,Eschar,slough tissue,slough tissue,slough tissue"
figshare_0006.jpg,figshare,pressure-ulcer-on-foot-0013.jpg,,224,224,false,"has_annotation;labels:Ulceration,Eschar,Granulation,slough tissue"
figshare_0007.jpg,figshare,pressure-ulcer-on-foot-0027.jpg,,224,224,false,"has_annotation;labels:Ulceration,Eschar,slough tissue,Eschar,Granulation,Granulation,Granulation,Re-ep,Re-ep"
figshare_0008.jpg,figshare,pressure-ulcer-on-foot-0032.jpg,,224,224,false,"has_annotation;labels:Ulceration,slough tissue,Granulation"
figshare_0009.jpg,figshare,pressure-ulcer-on-foot-0041.jpg,,224,224,false,"has_annotation;labels:Ulceration,Eschar,slough tissue,Re-ep"
figshare_0010.jpg,figshare,pressure-ulcer-on-neck-0002.jpg,,224,224,false,"has_annotation;labels:Ulceration,Eschar,slough tissue,slough tissue,Granulation"
figshare_0011.jpg,figshare,sloughy-pressure-ulcer-0008.jpg,3.25,224,224,false,"has_annotation;labels:Ulceration,Eschar,Eschar,slough tissue;heuristic:sloughy"
figshare_0012.jpg,figshare,sloughy-pressure-ulcer-0009.jpg,3.25,224,224,false,"has_annotation;labels:Ulceration,Ulceration,Eschar,slough tissue,slough tissue;heuristic:sloughy"
figshare_0013.jpg,figshare,sloughy-pressure-ulcer-0022.jpg,3.25,224,224,false,"has_annotation;labels:Ulceration,Eschar,slough tissue;heuristic:sloughy"
figshare_0014.jpg,figshare,sloughy-pressure-ulcer-0023.jpg,3.25,224,224,false,"has_annotation;labels:Ulceration,slough tissue,Granulation,Granulation;heuristic:sloughy"
figshare_0015.jpg,figshare,sloughy-pressure-ulcer-0024.jpg,3.25,224,224,false,"has_annotation;labels:Ulceration,slough tissue,Granulation,Granulation,Granulation,Granulation;heuristic:sloughy"
figshare_0016.jpg,figshare,sloughy-pressure-ulcer-0028.jpg,3.25,224,224,false,"has_annotation;labels:Ulceration,Eschar,slough tissue,slough tissue;heuristic:sloughy"
figshare_0017.jpg,figshare,sloughy-presure-ulcer-0036.jpg,3.25,224,224,false,"has_annotation;labels:Ulceration,Eschar,Eschar,slough tissue,slough tissue,slough tissue,slough tissue,slough tissue,Granulation,Granulation,slough tissue,slough tissue;heuristic:sloughy"
figshare_0018.jpg,figshare,undermining0002.jpg,3.5,224,224,false,"has_annotation;labels:Ulceration,Granulation;heuristic:undermining"
figshare_0019.jpg,figshare,undermining0012.jpg,3.5,224,224,false,"has_annotation;labels:Ulceration,slough tissue,Granulation,Re-ep;heuristic:undermining"
figshare_0020.jpg,figshare,undermining0015.jpg,3.5,224,224,false,"has_annotation;labels:Ulceration,Ulceration,Ulceration,Ulceration,Ulceration,slough tissue,slough tissue,Granulation,Granulation,Granulation,Granulation,Granulation;heuristic:undermining"
